latitude,longitude,nom_long,res_com
48.84717991,2.385243715,Reuilly-Diderot,METRO 1
48.86790534,2.31354555,Champs-Élysées – Clemenceau,METRO 1
48.84733558,2.408089407,Porte de Vincennes,METRO 1
48.84642308,2.418759787,Saint-Mandé,METRO 1
48.86943888,2.308607494,Franklin D. Roosevelt,METRO 1
48.87514982,2.295904905,Charles De Gaulle-Étoile,METRO 1
48.84586898,2.373774423,Gare de Lyon,METRO 1
48.85928733,2.345803056,Châtelet,METRO 1
48.84547071,2.429205166,Bérault,METRO 1
48.8662858,2.322943412,Concorde,METRO 1
48.86234803,2.336496461,Palais Royal - Musée du Louvre,METRO 1
48.8847082,2.260515079,Pont de Neuilly,METRO 1
48.86434378,2.330129877,Tuileries,METRO 1
48.84757937,2.395554512,Nation,METRO 1
48.88813848,2.249792769,Esplanade de la Défense,METRO 1
48.87533684,2.290127509,Argentine,METRO 1
48.87202381,2.300560451,George V,METRO 1
48.86080629,2.341108592,Louvre-Rivoli,METRO 1
48.85523625,2.36095649,Saint-Paul,METRO 1
48.89218708,2.237018056,La Défense,METRO 1
48.85200903,2.368674584,Bastille,METRO 1
48.84445639,2.440439978,Château de Vincennes,METRO 1
48.85747798,2.351577563,Hôtel de Ville,METRO 1
48.8810165,2.272238941,Les Sablons,METRO 1
48.87755125,2.283162242,Porte Maillot,METRO 1
48.84793481,2.264218776,Michel Ange-Auteuil,METRO 10
48.85103175,2.326102313,Sèvres-Babylone,METRO 10
48.8452047,2.266441542,Chardon Lagache,METRO 10
48.85301677,2.335502052,Mabillon,METRO 10
48.84074502,2.228536981,Boulogne - Pont de Saint-Cloud,METRO 10
48.84797154,2.25774468,Porte d'Auteuil,METRO 10
48.84200535,2.238887327,Boulogne - Jean Jaurès,METRO 10
48.84665685,2.351623255,Cardinal Lemoine,METRO 10
48.84698911,2.317005236,Duroc,METRO 10
48.8424368,2.365184812,Gare d'Austerlitz,METRO 10
48.84957521,2.298625127,La Motte Picquet-Grenelle,METRO 10
48.84715005,2.269135873,Église d'Auteuil,METRO 10
48.84615112,2.354917984,Jussieu,METRO 10
48.85008988,2.348208774,Maubert-Mutualité,METRO 10
48.85105028,2.344273345,Cluny-La Sorbonne,METRO 10
48.8461572,2.278400386,Javel - André Citroën,METRO 10
48.84699703,2.29501913,Avenue Émile Zola,METRO 10
48.84653464,2.285999222,Charles Michels,METRO 10
48.84524757,2.261623492,Michel Ange-Molitor,METRO 10
48.84713101,2.272763753,Mirabeau,METRO 10
48.85193594,2.340613006,Odéon,METRO 10
48.84706613,2.307402241,Ségur,METRO 10
48.84881637,2.321257863,Vaneau,METRO 10
48.87976125,2.416479644,Mairie des Lilas,METRO 11
48.8831359,2.440822205,Romainville - Carnot,METRO 11
48.86532271,2.356729869,Arts et Métiers,METRO 11
48.86995751,2.37109484,Goncourt,METRO 11
48.87547446,2.398867597,Télégraphe,METRO 11
48.87388185,2.385316215,Pyrénées,METRO 11
48.88131606,2.427185578,Serge Gainsbourg,METRO 11
48.88224373,2.467356117,Coteaux Beauclair,METRO 11
48.85763141,2.348036565,Châtelet,METRO 11
48.87511182,2.389415032,Jourdain,METRO 11
48.87680639,2.393056092,Place des Fêtes,METRO 11
48.87717482,2.406480157,Porte des Lilas,METRO 11
48.86799911,2.365074861,République,METRO 11
48.8827516,2.480511148,Rosny-Bois-Perrier,METRO 11
48.8783367,2.454714211,Montreuil - Hôpital,METRO 11
48.87799339,2.465471747,La Dhuys,METRO 11
48.87184879,2.376593684,Belleville,METRO 11
48.86120499,2.353495741,Rambuteau,METRO 11
48.85745183,2.351008461,Hôtel de Ville,METRO 11
48.86616711,2.323175681,Concorde,METRO 12
48.891465,2.349815453,Marcadet-Poissonniers,METRO 12
48.85176205,2.326822569,Sèvres-Babylone,METRO 12
48.85849912,2.323167611,Solférino,METRO 12
48.8324491,2.288022141,Porte de Versailles,METRO 12
48.84373549,2.324353041,Montparnasse Bienvenüe,METRO 12
48.88459421,2.337949776,Abbesses,METRO 12
48.83709943,2.296231387,Convention,METRO 12
48.84447014,2.317852783,Falguière,METRO 12
48.84287128,2.312447513,Pasteur,METRO 12
48.8760475,2.337495845,Notre-Dame-de-Lorette,METRO 12
48.83951659,2.301107516,Vaugirard,METRO 12
48.88224953,2.337164539,Pigalle,METRO 12
48.85519632,2.325815567,Rue du Bac,METRO 12
48.82708545,2.279411682,Corentin Celton,METRO 12
48.82430937,2.273665557,Mairie d'Issy,METRO 12
48.90808244,2.377741481,Aimé Césaire,METRO 12
48.89241892,2.344764612,Jules Joffrin,METRO 12
48.87023324,2.325163547,Madeleine,METRO 12
48.84494263,2.328778027,Notre-Dame-des-Champs,METRO 12
48.87633026,2.333108894,Trinité d'Estienne d'Orves,METRO 12
48.91371055,2.380735606,Mairie d'Aubervilliers,METRO 12
48.88967407,2.338760651,Lamarck-Caulaincourt,METRO 12
48.84845785,2.327782128,Rennes,METRO 12
48.84150552,2.307948678,Volontaires,METRO 12
48.87567211,2.327842235,Saint-Lazare,METRO 12
48.89048545,2.359995766,Marx Dormoy,METRO 12
48.87817339,2.33785751,Saint-Georges,METRO 12
48.90656715,2.365920319,Front Populaire,METRO 12
48.89724529,2.359507869,Porte de la Chapelle,METRO 12
48.86078696,2.320998192,Assemblée Nationale,METRO 12
48.84705256,2.316424352,Duroc,METRO 13
48.81074649,2.301678555,Châtillon-Montrouge,METRO 13
48.83863165,2.322491748,Gaîté,METRO 13
48.88380453,2.327243411,Place de Clichy,METRO 13
48.84232744,2.320984834,Montparnasse-Bienvenüe,METRO 13
48.90609405,2.331830838,Garibaldi,METRO 13
48.93677679,2.359366296,Basilique de Saint-Denis,METRO 13
48.89058719,2.320174757,Brochant,METRO 13
48.91900756,2.342608014,Carrefour Pleyel,METRO 13
48.86760215,2.31389413,Champs-Élysées – Clemenceau,METRO 13
48.91638231,2.294685112,Gabriel Péri,METRO 13
48.88718395,2.325779675,La Fourche,METRO 13
48.92993589,2.356035794,Saint-Denis - Porte de Paris,METRO 13
48.930757,2.284174448,Les Courtilles,METRO 13
48.83422588,2.318616414,Pernety,METRO 13
48.83182565,2.314122323,Plaisance,METRO 13
48.8973748,2.328942813,Porte de Saint-Ouen,METRO 13
48.94586727,2.364636483,Saint-Denis - Université,METRO 13
48.92310378,2.286279578,Les Agnettes,METRO 13
48.87542072,2.325476374,Saint-Lazare,METRO 13
48.89425226,2.313772157,Porte de Clichy,METRO 13
48.81530753,2.297077797,Malakoff - Rue Étienne Dolet,METRO 13
48.87376999,2.314456036,Miromesnil,METRO 13
48.87963476,2.327022201,Liège,METRO 13
48.90323368,2.306010915,Mairie de Clichy,METRO 13
48.9119649,2.33392489,Mairie de Saint-Ouen,METRO 13
48.82779554,2.30553467,Porte de Vanves,METRO 13
48.85144171,2.314408121,Saint-François-Xavier,METRO 13
48.85687138,2.315056637,Varenne,METRO 13
48.82258371,2.298464192,Malakoff - Plateau de Vanves,METRO 13
48.86002846,2.313915119,Invalides,METRO 13
48.89220683,2.327219868,Guy Môquet,METRO 13
48.83333856,2.386632402,Cour Saint-Émilion,METRO 14
48.87066702,2.325752635,Madeleine,METRO 14
48.84000139,2.379554011,Bercy,METRO 14
48.75955015,2.366485372,Chevilly - Larue,METRO 14
48.77531361,2.354364943,L'Haÿ - les - Roses,METRO 14
48.91746894,2.346544622,Saint-Denis – Pleyel,METRO 14
48.89498081,2.312791962,Porte de Clichy,METRO 14
48.82142043,2.359055154,Maison Blanche,METRO 14
48.90449642,2.32174359,Saint-Ouen,METRO 14
48.82727084,2.368032648,Olympiades,METRO 14
48.8299902,2.375747983,Bibliothèque François Mitterrand,METRO 14
48.87571909,2.324224581,Saint-Lazare,METRO 14
48.86590674,2.334189542,Pyramides,METRO 14
48.88956083,2.315176897,Pont Cardinet,METRO 14
48.9132021,2.33466315,Mairie de Saint-Ouen,METRO 14
48.84348676,2.37392259,Gare de Lyon,METRO 14
48.85958966,2.346478184,Châtelet,METRO 14
48.82727084,2.368032648,Olympiades,METRO 14
48.7469787,2.372839697,Thiais - Orly,METRO 14
48.80981003,2.3497501,Hôpital Bicêtre,METRO 14
48.72808339,2.36259147,Aéroport d'Orly,METRO 14
48.84847429,2.395062305,Nation,METRO 2
48.86909116,2.380542586,Couronnes,METRO 2
48.87761019,2.370811395,Colonel Fabien,METRO 2
48.85806226,2.390860952,Philippe Auguste,METRO 2
48.87228311,2.376730722,Belleville,METRO 2
48.88439968,2.360399501,La Chapelle,METRO 2
48.88222543,2.338233469,Pigalle,METRO 2
48.86644681,2.38359911,Ménilmontant,METRO 2
48.8779727,2.298310374,Ternes,METRO 2
48.88162403,2.370259057,Jaurès,METRO 2
48.88109443,2.314721005,Villiers,METRO 2
48.88380394,2.350612999,Barbès-Rochechouart,METRO 2
48.87146658,2.277083018,Porte Dauphine,METRO 2
48.87481054,2.295801222,Charles De Gaulle-Étoile,METRO 2
48.85622809,2.394675655,Alexandre Dumas,METRO 2
48.86218375,2.387835956,Père Lachaise,METRO 2
48.88297277,2.344667074,Anvers,METRO 2
48.87932979,2.304070391,Courcelles,METRO 2
48.88355629,2.333379672,Blanche,METRO 2
48.86979856,2.285335095,Victor Hugo,METRO 2
48.85190532,2.397997315,Avron,METRO 2
48.88032519,2.308773836,Monceau,METRO 2
48.88399982,2.32853014,Place de Clichy,METRO 2
48.88428415,2.365821546,Stalingrad,METRO 2
48.88233342,2.321801731,Rome,METRO 2
48.86651446,2.360803503,Temple,METRO 3
48.86649634,2.351358916,Réaumur Sébastopol,METRO 3
48.86497811,2.396912847,Gambetta,METRO 3
48.88109443,2.314721005,Villiers,METRO 3
48.88489626,2.297724346,Pereire-Levallois,METRO 3
48.86312321,2.385882449,Père Lachaise,METRO 3
48.8713085,2.331493987,Opéra,METRO 3
48.869638,2.336232757,Quatre Septembre,METRO 3
48.8838092,2.304674441,Wagram,METRO 3
48.86460037,2.408031037,Porte de Bagnolet,METRO 3
48.89208279,2.285009501,Anatole France,METRO 3
48.86558648,2.356736757,Arts et Métiers,METRO 3
48.86428576,2.379741893,Rue Saint-Maur,METRO 3
48.87515129,2.324380555,Saint-Lazare,METRO 3
48.88289192,2.309052265,Malesherbes,METRO 3
48.86865415,2.341376051,Bourse,METRO 3
48.87877037,2.322265213,Europe,METRO 3
48.88870602,2.288083633,Louise Michel,METRO 3
48.86525379,2.37458197,Parmentier,METRO 3
48.86751302,2.346552336,Sentier,METRO 3
48.8971541,2.280413812,Pont de Levallois,METRO 3
48.86702679,2.364247995,République,METRO 3
48.86533532,2.416697273,Gallieni,METRO 3
48.88600615,2.293529966,Porte de Champerret,METRO 3
48.87351339,2.327543082,Havre-Caumartin,METRO 3
48.86516343,2.398746593,Gambetta,METRO 3bis
48.86844016,2.401561713,Pelleport,METRO 3bis
48.87711051,2.406729246,Porte des Lilas,METRO 3bis
48.87210144,2.404514942,Saint-Fargeau,METRO 3bis
48.87979369,2.355791908,Gare du Nord,METRO 4
48.86397248,2.349617564,Étienne Marcel,METRO 4
48.84687824,2.326792785,Saint-Placide,METRO 4
48.89434385,2.34743078,Simplon,METRO 4
48.81867641,2.319740313,Mairie de Montrouge,METRO 4
48.85107137,2.33070071,Saint-Sulpice,METRO 4
48.88341809,2.349674833,Barbès-Rochechouart,METRO 4
48.86251523,2.34578586,Les Halles,METRO 4
48.85316798,2.343285979,Saint-Michel,METRO 4
48.82818848,2.32716465,Alésia,METRO 4
48.86962886,2.354468813,Strasbourg-Saint-Denis,METRO 4
48.84378131,2.324397012,Montparnasse-Bienvenüe,METRO 4
48.85493638,2.347321317,Cité,METRO 4
48.89143955,2.349627158,Marcadet-Poissonniers,METRO 4
48.85230076,2.339727782,Odéon,METRO 4
48.83896428,2.330754192,Raspail,METRO 4
48.86673356,2.352829461,Réaumur Sébastopol,METRO 4
48.85371893,2.333776138,Saint-Germain-des-Prés,METRO 4
48.87599106,2.357880772,Gare de l'Est,METRO 4
48.88671097,2.34955943,Château Rouge,METRO 4
48.80363023,2.318053613,Bagneux - Lucie Aubrac,METRO 4
48.84221841,2.329008926,Vavin,METRO 4
48.89740222,2.344847749,Porte de Clignancourt,METRO 4
48.85971866,2.346768286,Châtelet,METRO 4
48.809704,2.317449188,Barbara,METRO 4
48.83111266,2.329705013,Mouton-Duvernet,METRO 4
48.82341163,2.325575636,Porte d'Orléans,METRO 4
48.83345086,2.331740131,Denfert-Rochereau,METRO 4
48.87262084,2.356153947,Château d'Eau,METRO 4
48.83097267,2.355580274,Place d'Italie,METRO 5
48.88841748,2.391784451,Porte de Pantin,METRO 5
48.89545467,2.42532689,Bobigny-Pantin - Raymond Queneau,METRO 5
48.88497056,2.378716923,Laumière,METRO 5
48.90637477,2.449189904,Bobigny Pablo Picasso,METRO 5
48.87612635,2.358047505,Gare de l'Est,METRO 5
48.84648465,2.365910107,Quai de la Rapée,METRO 5
48.84236008,2.365581703,Gare d'Austerlitz,METRO 5
48.88685693,2.385913174,Ourcq,METRO 5
48.86496415,2.367901415,Oberkampf,METRO 5
48.85987362,2.37191398,Richard Lenoir,METRO 5
48.88319332,2.371933129,Jaurès,METRO 5
48.88432566,2.367372039,Stalingrad,METRO 5
48.85614071,2.37020934,Bréguet-Sabin,METRO 5
48.87039639,2.36140021,Jacques Bonsergent,METRO 5
48.85343696,2.368736573,Bastille,METRO 5
48.8678271,2.363740437,République,METRO 5
48.8384273,2.360967168,Saint-Marcel,METRO 5
48.89122859,2.402352144,Hoche,METRO 5
48.88019549,2.357633205,Gare du Nord,METRO 5
48.89314999,2.412763045,Église de Pantin,METRO 5
48.83515254,2.358566256,Campo Formio,METRO 5
48.82979051,2.350414872,Corvisart,METRO 6
48.84267682,2.312812775,Pasteur,METRO 6
48.83290082,2.337135193,Saint-Jacques,METRO 6
48.83429298,2.33285231,Denfert-Rochereau,METRO 6
48.83904114,2.389620014,Dugommier,METRO 6
48.84750708,2.302968298,Cambronne,METRO 6
48.85744869,2.285812444,Passy,METRO 6
48.83704512,2.372825725,Quai de la Gare,METRO 6
48.87126214,2.29324065,Kléber,METRO 6
48.84133825,2.400918537,Bel-Air,METRO 6
48.83112955,2.343511658,Glacière,METRO 6
48.84874167,2.298930912,La Motte Picquet-Grenelle,METRO 6
48.84506158,2.40128902,Picpus,METRO 6
48.83092724,2.356121939,Place d'Italie,METRO 6
48.83896428,2.330754192,Raspail,METRO 6
48.84210221,2.321278563,Montparnasse-Bienvenüe,METRO 6
48.85394261,2.289334533,Bir-Hakeim,METRO 6
48.83954965,2.395703289,Daumesnil,METRO 6
48.83321672,2.3628564,Nationale,METRO 6
48.84562697,2.309531491,Sèvres-Lecourbe,METRO 6
48.86361094,2.287580163,Trocadéro,METRO 6
48.84038875,2.379911271,Bercy,METRO 6
48.84066323,2.326384611,Edgar Quinet,METRO 6
48.87474865,2.295560256,Charles De Gaulle-Étoile,METRO 6
48.84737488,2.395461995,Nation,METRO 6
48.86698311,2.290058834,Boissière,METRO 6
48.85043455,2.293612437,Dupleix,METRO 6
48.83494772,2.36812633,Chevaleret,METRO 6
48.87600859,2.344572482,Cadet,METRO 7
48.87497175,2.340575982,Le Peletier,METRO 7
48.8359303,2.352542266,Les Gobelins,METRO 7
48.8105208,2.384289601,Mairie d'Ivry,METRO 7
48.83143363,2.355643643,Place d'Italie,METRO 7
48.85162059,2.361524966,Sully-Morland,METRO 7
48.82135578,2.369290587,Porte d'Ivry,METRO 7
48.80468812,2.363953197,Villejuif - Léo Lagrange,METRO 7
48.8784443,2.361965302,Château-Landon,METRO 7
48.89090645,2.377090439,Crimée,METRO 7
48.81012996,2.362263387,Le Kremlin-Bicêtre,METRO 7
48.86282967,2.3368784,Palais Royal - Musée du Louvre,METRO 7
48.81593076,2.377267202,Pierre et Marie Curie,METRO 7
48.85357547,2.357162572,Pont Marie,METRO 7
48.91494976,2.404409089,Fort d'Aubervilliers,METRO 7
48.89738989,2.385508388,Porte de la Villette,METRO 7
48.84023384,2.351606475,Censier-Daubenton,METRO 7
48.89465586,2.382160158,Corentin Cariou,METRO 7
48.90378388,2.392221223,Aubervilliers Pantin - Quatre Chemins,METRO 7
48.84286683,2.352224728,Place Monge,METRO 7
48.81987622,2.364531953,Porte de Choisy,METRO 7
48.81922335,2.359705217,Porte d'Italie,METRO 7
48.86573787,2.334437715,Pyramides,METRO 7
48.79648308,2.36826954,Villejuif Paul Vaillant-Couturier,METRO 7
48.88094656,2.364993472,Louis Blanc,METRO 7
48.85855383,2.342232759,Pont Neuf,METRO 7
48.88796756,2.373456888,Riquet,METRO 7
48.87325275,2.333946683,Chaussée d'Antin - La Fayette,METRO 7
48.84595067,2.355050264,Jussieu,METRO 7
48.86993904,2.332592489,Opéra,METRO 7
48.78756279,2.367804106,Villejuif - Louis Aragon,METRO 7
48.8762727,2.358057907,Gare de l'Est,METRO 7
48.92078597,2.410598616,La Courneuve 8 Mai 1945,METRO 7
48.82218266,2.358551348,Maison Blanche,METRO 7
48.82642601,2.357245651,Tolbiac,METRO 7
48.87710019,2.348775557,Poissonnière,METRO 7
48.85694274,2.348147481,Châtelet,METRO 7
48.88479825,2.369580856,Stalingrad,METRO 7
48.88246525,2.370157962,Jaurès,METRO 7bis
48.87851411,2.381614512,Buttes-Chaumont,METRO 7bis
48.87694985,2.392983965,Place des Fêtes,METRO 7bis
48.88027196,2.398468172,Pré Saint-Gervais,METRO 7bis
48.88066746,2.374495966,Bolivar,METRO 7bis
48.88119212,2.364378741,Louis Blanc,METRO 7bis
48.87949311,2.38856687,Botzaris,METRO 7bis
48.88181611,2.394012398,Danube,METRO 7bis
48.84274678,2.291912413,Félix Faure,METRO 8
48.86325794,2.366661093,Filles du Calvaire,METRO 8
48.85772541,2.310565961,La Tour Maubourg,METRO 8
48.85710326,2.368184115,Chemin Vert,METRO 8
48.78992047,2.450511528,Créteil-Université,METRO 8
48.84479476,2.293951964,Commerce,METRO 8
48.86681837,2.322082849,Concorde,METRO 8
48.85017786,2.38409221,Faidherbe Chaligny,METRO 8
48.86963317,2.326272274,Madeleine,METRO 8
48.8440656,2.390482134,Montgallet,METRO 8
48.83873486,2.282143378,Lourmel,METRO 8
48.83478516,2.405383211,Porte Dorée,METRO 8
48.86038128,2.31489073,Invalides,METRO 8
48.82189794,2.413132938,Charenton-Écoles,METRO 8
48.76881073,2.464280071,Créteil - Pointe du Lac,METRO 8
48.8694022,2.353818794,Strasbourg-Saint-Denis,METRO 8
48.87059048,2.348491131,Bonne Nouvelle,METRO 8
48.85343943,2.369513568,Bastille,METRO 8
48.78000283,2.459363129,Créteil–Préfecture,METRO 8
48.83944543,2.396182886,Daumesnil,METRO 8
48.83711701,2.402333165,Michel Bizot,METRO 8
48.85152371,2.375101034,Ledru Rollin,METRO 8
48.84712872,2.387025242,Reuilly-Diderot,METRO 8
48.87169298,2.338463081,Richelieu-Drouot,METRO 8
48.84109406,2.287945766,Boucicaut,METRO 8
48.81480301,2.422376143,École Vétérinaire de Maisons-Alfort,METRO 8
48.82662007,2.405851944,Liberté,METRO 8
48.87048333,2.331186347,Opéra,METRO 8
48.86760088,2.36275738,République,METRO 8
48.80914436,2.434509896,Maisons-Alfort-Stade,METRO 8
48.80335524,2.445574101,Maisons-Alfort-Les Juilliottes,METRO 8
48.85489057,2.306403486,École Militaire,METRO 8
48.86116886,2.367210868,Saint-Sébastien-Froissart,METRO 8
48.8327367,2.400310403,Porte de Charenton,METRO 8
48.79668213,2.449412805,Créteil–L’Échat,METRO 8
48.84957521,2.298625127,La Motte Picquet-Grenelle,METRO 8
48.87125655,2.344561061,Grands Boulevards,METRO 8
48.8362953,2.27833026,Balard,METRO 8
48.86476684,2.300991003,Alma-Marceau,METRO 9
48.83362878,2.243578629,Marcel Sembat,METRO 9
48.8677803,2.3629287,République,METRO 9
48.85787849,2.380020644,Voltaire,METRO 9
48.85778351,2.434538451,Croix de Chavaux,METRO 9
48.87280448,2.334456291,Chaussée d'Antin - La Fayette,METRO 9
48.87125655,2.344561061,Grands Boulevards,METRO 9
48.84241277,2.259608473,Exelmans,METRO 9
48.84789565,2.264082031,Michel Ange-Auteuil,METRO 9
48.85377279,2.411894837,Porte de Montreuil,METRO 9
48.83796121,2.25712223,Porte de Saint-Cloud,METRO 9
48.86229941,2.441521809,Mairie de Montreuil,METRO 9
48.85272512,2.406089162,Maraîchers,METRO 9
48.86501901,2.368011378,Oberkampf,METRO 9
48.87204586,2.310018932,Saint-Philippe du Roule,METRO 9
48.85548505,2.270109139,Ranelagh,METRO 9
48.85197521,2.401927285,Buzenval,METRO 9
48.87447568,2.322001789,Saint-Augustin,METRO 9
48.83173796,2.237436787,Billancourt,METRO 9
48.85509449,2.38469976,Charonne,METRO 9
48.87059048,2.348491131,Bonne Nouvelle,METRO 9
48.86869985,2.309505157,Franklin D. Roosevelt,METRO 9
48.87373317,2.314743542,Miromesnil,METRO 9
48.85572643,2.422983216,Robespierre,METRO 9
48.86147646,2.373943508,Saint-Ambroise,METRO 9
48.85804606,2.27415463,La Muette,METRO 9
48.87371341,2.32769541,Havre-Caumartin,METRO 9
48.84894465,2.395879435,Nation,METRO 9
48.8694022,2.353818794,Strasbourg-Saint-Denis,METRO 9
48.85216837,2.38962554,Rue des Boulets,METRO 9
48.86479406,2.294162015,Iéna,METRO 9
48.85250409,2.268176749,Jasmin,METRO 9
48.84505817,2.261745125,Michel Ange-Molitor,METRO 9
48.82974612,2.2310281,Pont de Sèvres,METRO 9
48.86394013,2.278441649,Rue de la Pompe,METRO 9
48.86306502,2.286243169,Trocadéro,METRO 9
48.87219091,2.338857159,Richelieu-Drouot,METRO 9
48.95540224,2.093521902,Achères-Grand-Cormier,RER A
48.86182227,2.347012687,Châtelet-Les Halles,RER A
48.89008624,2.134600875,Le Vésinet-Centre,RER A
48.89512589,2.195363987,Nanterre-Ville,RER A
48.8342889,2.471681243,Nogent-sur-Marne,RER A
48.89574531,2.223212968,Nanterre-Préfecture,RER A
48.85290746,2.514312438,Neuilly-Plaisance,RER A
48.85482496,2.772428148,Val d'Europe,RER A
49.0478762,2.01099976,Cergy Le Haut,RER A
48.89168814,2.238595217,La Défense,RER A
49.01413368,2.078306591,Neuville Université,RER A
48.89807641,2.094836628,Saint-Germain-en-Laye,RER A
48.84734036,2.43243466,Vincennes,RER A
49.03646398,2.07953494,Cergy-Préfecture,RER A
48.94550297,2.145017438,Maisons-Laffitte,RER A
48.79538384,2.513423298,La Varenne-Chennevières,RER A
48.80537766,2.486349749,Le Parc de Saint-Maur,RER A
48.89797345,2.122117447,Le Vésinet-Le Pecq,RER A
48.84288484,2.580085912,Noisy-Champs,RER A
48.77170791,2.507482646,Sucy-Bonneuil,RER A
48.9010105,2.213556609,Nanterre-Université,RER A
48.75218572,2.504559838,Boissy-Saint-Léger,RER A
48.84379435,2.463501419,Fontenay-sous-Bois,RER A
48.86995013,2.782226723,Marne-la-Vallée-Chessy,RER A
48.82103882,2.463856795,Joinville-le-Pont,RER A
48.80620002,2.472720404,Saint-Maur-Créteil,RER A
48.84350924,2.616678625,Noisiel,RER A
48.99033253,2.073947189,Conflans-Fin-d'Oise,RER A
48.87215749,2.329927171,Auber,RER A
49.04964701,2.034294462,Cergy-Saint-Christophe,RER A
48.80698507,2.510307237,Champigny,RER A
48.88521122,2.155903472,Châtou-Croissy,RER A
48.8392193,2.633210913,Lognes,RER A
48.88757362,2.172579448,Rueil-Malmaison,RER A
48.83653643,2.708981742,Bussy-Saint-Georges,RER A
48.87420419,2.294773214,Charles De Gaulle-Étoile,RER A
48.84084437,2.549900488,Noisy-le-Grand-Mont d'Est,RER A
48.97066505,2.077731765,Achères-Ville,RER A
48.92037937,2.185353376,Houilles-Carrières-sur-Seine,RER A
48.84823711,2.395823589,Nation,RER A
48.93326541,2.04107229,Poissy,RER A
48.93773606,2.157086496,Sartrouville,RER A
48.83964552,2.655130087,Torcy,RER A
48.84413935,2.373259977,Gare de Lyon,RER A
48.85409608,2.488696466,Val de Fontenay,RER A
48.8451931,2.525615908,Bry-sur-Marne,RER A
48.70121772,2.097975858,Courcelle-sur-Yvette,RER B
48.69625275,2.164378243,Bures-sur-Yvette,RER B
48.81522993,2.340891132,Gentilly,RER B
48.69526412,2.151642039,La Hacquinière,RER B
48.70596898,2.212262378,Lozère,RER B
48.69750567,2.181054439,Orsay-Ville,RER B
48.93628019,2.534714975,Sevran-Livry,RER B
48.85211888,2.344021152,Saint-Michel,RER B
48.7803138,2.312307717,Bourg-la-Reine,RER B
48.69819698,2.136566717,Gif-sur-Yvette,RER B
48.70540392,2.192734885,Le Guichet,RER B
48.70814058,2.237314365,Palaiseau-Villebon,RER B
48.84003379,2.337096431,Port Royal,RER B
48.78135672,2.297647678,Sceaux,RER B
48.94418107,2.566448017,Vert-Galant,RER B
48.95314839,2.603135305,Villeparisis-Mitry-le-Neuf,RER B
48.88175949,2.357570193,Gare du Nord,RER B
48.76956333,2.309905065,Parc de Sceaux,RER B
48.94689391,2.524779047,Sevran-Beaudottes,RER B
49.00468746,2.570589486,Aéroport Charles De Gaulle 2-TGV,RER B
48.78756673,2.292988009,Fontenay-aux-Roses,RER B
48.91800821,2.362470767,La Plaine-Stade de France,RER B
49.00975645,2.561232695,Aéroport Charles De Gaulle 1,RER B
48.7988925,2.328136923,Arcueil-Cachan,RER B
48.93219601,2.495513143,Aulnay-sous-Bois,RER B
48.92435388,2.386388291,La Courneuve-Aubervilliers,RER B
48.76169369,2.304227348,La Croix-de-Berny-Fresnes,RER B
48.97585875,2.642406302,Mitry-Claye,RER B
48.80829659,2.33435431,Laplace,RER B
48.71694629,2.245672515,Palaiseau,RER B
48.70275104,2.071242846,Saint-Rémy-lès-Chevreuse,RER B
48.7802373,2.281430595,Robinson,RER B
48.96270951,2.512644628,Villepinte,RER B
48.73968104,2.287667495,Les Baconnets,RER B
48.93230542,2.475674371,Le Blanc-Mesnil,RER B
48.7933363,2.322201634,Bagneux,RER B
48.93270622,2.454766383,Drancy,RER B
48.86182227,2.347012687,Châtelet-Les Halles,RER B
48.97342491,2.514360286,Parc des Expositions,RER B
48.83307317,2.33320367,Denfert-Rochereau,RER B
48.72509804,2.25994605,Massy-Palaiseau,RER B
48.74301657,2.295921407,Fontaine-Michalon,RER B
48.73488815,2.274002404,Massy-Verrières,RER B
48.93073957,2.425791426,Le Bourget,RER B
48.84543415,2.33976285,Luxembourg,RER B
48.75494653,2.300986856,Antony,RER B
48.82108965,2.338978472,Cité Universitaire,RER B
48.60674495,2.302059692,Brétigny,RER C
48.53373283,2.008771814,Dourdan,RER C
48.43692394,2.159530588,Étampes,RER C
48.72599709,2.258322994,Massy-Palaiseau,RER C
48.78222618,2.409590235,Les Ardoines,RER C
49.01913674,2.154663486,Pierrelaye,RER C
48.74187871,2.402908607,Orly Ville,RER C
49.04664576,2.095195067,Pontoise,RER C
48.63587586,2.306833164,Saint-Michel-sur-Orge,RER C
49.03398764,2.128263874,Saint-Ouen-l'Aumône-Liesse,RER C
48.79870764,2.071847006,Saint-Cyr,RER C
48.80071846,2.171389813,Viroflay Rive Gauche,RER C
48.8002094,2.402712817,Vitry-sur-Seine,RER C
48.89416839,2.315599221,Porte de Clichy,RER C
48.8860414,2.299279102,Pereire-Levallois,RER C
48.80021558,2.129043867,Versailles Château,RER C
48.58272469,2.223448834,Égly,RER C
48.85645721,2.289803518,Champ de Mars,RER C
48.84252803,2.365433383,Paris Austerlitz,RER C
48.5328901,2.290082514,Bouray,RER C
48.85364806,2.279487065,Avenue du Président Kennedy,RER C
48.9806461,2.272084773,Ermont-Eaubonne,RER C
48.57750849,2.192063069,Breuillet,RER C
48.56559386,2.290924468,Marolles-en-Hurepoix,RER C
48.74834968,2.373111941,Pont de Rungis,RER C
49.04531165,2.105110703,Saint-Ouen-l'Aumône,RER C
48.96358968,2.285930718,Saint-Gratien,RER C
48.87790844,2.28443122,Neuilly Porte Maillot,RER C
48.56432891,2.170377259,Breuillet-Village,RER C
48.51424588,2.215517812,Chamarande,RER C
48.90456639,2.322626368,Saint-Ouen,RER C
48.7255353,2.419565024,Ablon,RER C
48.66948373,2.332622929,Épinay-sur-Orge,RER C
48.79972883,2.18368411,Chaville-Vélizy,RER C
48.76378681,2.411386725,Choisy-le-Roi,RER C
48.68976462,2.382846099,Juvisy,RER C
48.80749263,2.240883069,Meudon-Val-Fleury,RER C
48.52040359,2.254739702,Lardy,RER C
48.74507217,2.417520978,Les Saules,RER C
48.67644666,2.352481401,Savigny-sur-Orge,RER C
48.86035143,2.326759774,Musée d'Orsay,RER C
48.83908976,2.270458244,Pont du Garigliano,RER C
48.58600789,2.241070081,Arpajon,RER C
48.53562062,1.99590199,Dourdan-la-Forêt,RER C
48.9534952,2.302346804,Épinay-sur-Seine,RER C
48.7479419,2.312711014,Chemin d'Antony,RER C
48.49364458,2.194581701,Étréchy,RER C
48.81398905,2.391686972,Ivry-sur-Seine,RER C
48.9208728,2.313835382,Les Grésillons,RER C
48.78739024,2.044621989,Saint-Quentin-en-Yvelines,RER C
48.8288807,2.377697,Bibliothèque François Mitterrand,RER C
48.9850047,2.257474157,Cernay,RER C
49.00776772,2.196502902,Montigny-Beauchamp,RER C
48.55092668,2.124937384,Saint-Chéron,RER C
48.86983049,2.274808154,Avenue Foch,RER C
48.86546236,2.272159382,Avenue Henri Martin,RER C
48.81934396,2.257893898,Issy,RER C
48.83059548,2.26406965,Issy-Val-de-Seine,RER C
48.73488815,2.274002404,Massy-Verrières,RER C
48.8535329,2.345288332,Saint-Michel,RER C
48.8471569,2.278036282,Javel,RER C
48.71262899,2.403633105,Athis-Mons,RER C
48.93289617,2.307943234,Gennevilliers,RER C
48.99371348,2.234276394,Franconville-Le Plessis-Bouchard,RER C
48.86266245,2.300989969,Pont de l'Alma,RER C
48.79652818,2.15237866,Porchefontaine,RER C
48.53580651,2.069381525,Sermaise,RER C
48.74019545,2.351633198,Rungis-La Fraternelle,RER C
48.6528114,2.312736251,Sainte-Geneviève-des-Bois,RER C
48.42736258,2.145246593,Saint-Martin-d'Étampes,RER C
48.7398307,2.42639982,Villeneuve-le-Roi,RER C
48.8628848,2.312513555,Invalides,RER C
48.856972,2.274793325,Boulainvilliers,RER C
48.5911192,2.266213853,La Norville,RER C
48.66790196,2.547548046,Combs-la-Ville - Quincy,RER D
48.78846667,2.432243533,Le Vert-de-Maisons,RER D
49.03318277,2.478033365,Les Noues,RER D
48.63635137,2.407796286,Orangis-Bois de l'Epine,RER D
49.09958694,2.525531714,Survilliers-Fosses,RER D
48.65897542,2.415206841,Ris-Orangis,RER D
48.93445555,2.345604378,Saint-Denis,RER D
48.59281219,2.461550181,Villabé,RER D
48.34166354,2.378815443,Boigneville,RER D
48.53150199,2.370518498,Ballancourt,RER D
48.62590139,2.430155386,Évry Courcouronnes,RER D
49.12620996,2.507013842,La Borne Blanche,RER D
48.43449061,2.376672819,Boutigny,RER D
48.97674785,2.390593653,Garges-Sarcelles,RER D
48.60555583,2.462456493,Essonnes-Robinson,RER D
48.29359177,2.401133894,Malesherbes,RER D
48.57059686,2.432098534,Mennecy,RER D
48.57380779,2.47946917,Le Plessis-Chenet,RER D
49.0493256,2.501758066,Louvres,RER D
48.80204938,2.426482408,Maisons-Alfort-Alfortville,RER D
48.91756718,2.350389538,Stade de France-Saint-Denis,RER D
48.70661094,2.484242556,Yerres,RER D
48.70812051,2.41387115,Vigneux-sur-Seine,RER D
48.88175949,2.357570193,Gare du Nord,RER D
48.64848911,2.43533053,Grand-Bourg,RER D
48.69910695,2.506676983,Brunoy,RER D
48.56611782,2.492713003,Le Coudray-Montceaux,RER D
48.5649495,2.594551816,Cesson,RER D
48.53877526,2.625522155,Le Mée,RER D
48.51515145,2.599304266,Vosves,RER D
49.26394414,2.468914115,Creil,RER D
48.56507294,2.54260945,Saint-Fargeau,RER D
48.7445007,2.438668341,Villeneuve-Triage,RER D
48.77126604,2.43530634,Créteil Pompadour,RER D
48.68101662,2.533130657,Boussy-Saint-Antoine,RER D
48.52974692,2.572073663,Boissise-le-Roi,RER D
48.84377258,2.37391647,Gare de Lyon,RER D
48.39364155,2.393410724,Maisse,RER D
48.58715391,2.473490366,Moulin-Galant,RER D
48.67609243,2.386783798,Viry-Châtillon,RER D
48.70823783,2.462282245,Montgeron-Crosne,RER D
48.68956726,2.383833359,Juvisy,RER D
49.18708721,2.459549119,Chantilly-Gouvieux,RER D
48.4855143,2.352193815,La Ferté-Alais,RER D
48.96375543,2.372103138,Pierrefitte Stains,RER D
48.37138329,2.387209797,Buno-Gironville,RER D
48.86182227,2.347012687,Châtelet-Les Halles,RER D
48.61342791,2.47293365,Corbeil-Essonnes,RER D
49.023162,2.462168966,Goussainville,RER D
48.63426831,2.452573392,Évry,RER D
48.52724332,2.654990282,Melun,RER D
48.62837555,2.569583548,Lieusaint-Moissy,RER D
49.13828638,2.490178985,Orry-la-Ville-Coye-la-Forêt,RER D
48.53513977,2.54434895,Ponthierry-Pringy,RER D
48.59556384,2.583947711,Savigny-le-Temple-Nandy,RER D
48.73063829,2.446226445,Villeneuve-Saint-Georges,RER D
48.99377715,2.416187489,Villiers-le-Bel-Gonesse-Arnouville,RER D
48.62333224,2.451409096,Le Bras-de-Fer,RER D
48.65484934,2.396783503,Grigny-Centre,RER D
48.74645232,2.727229371,Gretz-Armainvilliers,RER E
48.77077892,2.690252782,Ozoir-la-Ferrière,RER E
48.89811231,2.400361703,Pantin,RER E
48.86991242,2.485761141,Rosny-sous-Bois,RER E
48.85426899,2.489167461,Val de Fontenay,RER E
48.89658113,2.373819005,Rosa Parks,RER E
48.89758665,2.223738843,Nanterre - La Folie,RER E
48.87414408,2.583331158,Chelles-Gournay,RER E
48.87715784,2.55288165,Le Chénay-Gagny,RER E
48.83934194,2.494188055,Nogent-le-Perreux,RER E
48.89665245,2.458363412,Noisy-le-Sec,RER E
48.73948721,2.758824549,Tournan,RER E
48.89286497,2.239568171,La Défense,RER E
48.80584079,2.619194412,Émerainville-Pontault-Combault,RER E
48.88373428,2.525434251,Gagny,RER E
48.82315186,2.579837254,Les Yvris-Noisy-le-Grand,RER E
48.87502926,2.326722476,Haussmann-Saint-Lazare,RER E
48.89395181,2.480205915,Bondy,RER E
48.87793269,2.282976188,Porte Maillot,RER E
48.8807752,2.358732959,Magenta,RER E
48.79565482,2.650387668,Roissy-en-Brie,RER E
48.88252792,2.481213458,Rosny-Bois-Perrier,RER E
48.82326663,2.542679794,Villiers-sur-Marne - Le Plessis-Trévise,RER E
48.88886574,2.513157533,Le Raincy-Villemomble-Montfermeil,RER E
48.82484857,2.511855553,Les Boullereaux-Champigny,RER E
48.97605425,2.338524071,Deuil-Montmagny,TRAIN H
48.95810052,2.328463878,Épinay-Villetaneuse,TRAIN H
48.9806461,2.272084773,Ermont-Eaubonne,TRAIN H
49.13600056,2.242677777,Champagne-sur-Oise,TRAIN H
49.06931414,2.141696933,Chaponval,TRAIN H
49.07769904,2.205446726,Mériel,TRAIN H
49.11713213,2.420107033,Luzarches,TRAIN H
49.04531165,2.105110703,Saint-Ouen-l'Aumône,TRAIN H
49.11902265,2.399724853,Seugy,TRAIN H
49.11662788,2.368253548,Viarmes,TRAIN H
49.2137908,2.417033175,Saint-Leu d’Esserent,TRAIN H
49.00776772,2.196502902,Montigny-Beauchamp,TRAIN H
48.97951662,2.292168703,Champ de Courses d'Enghien,TRAIN H
48.96632654,2.316582071,La Barre-Ormesson,TRAIN H
49.11478397,2.210019869,L'Isle-Adam-Parmain,TRAIN H
49.01913674,2.154663486,Pierrelaye,TRAIN H
49.0662887,2.322920457,Montsoult-Maffliers,TRAIN H
49.16677504,2.362303529,Boran-sur-Oise,TRAIN H
48.9850047,2.257474157,Cernay,TRAIN H
49.1325777,2.28051537,Nointel-Mours,TRAIN H
49.20347844,2.377298552,Précy-sur-Oise,TRAIN H
49.04516946,2.322917846,Bouffémont-Moisselles,TRAIN H
49.09840026,2.361270555,Belloy-Saint-Martin,TRAIN H
49.05510176,2.122735908,Épluches,TRAIN H
48.98431596,2.353407246,Groslay,TRAIN H
49.04543025,2.197087678,Frépillon,TRAIN H
49.04664576,2.095195067,Pontoise,TRAIN H
49.0611539,2.131538272,Pont-Petit,TRAIN H
49.11406195,2.287915344,Presles-Courcelles,TRAIN H
49.07927205,2.350513638,Villaines,TRAIN H
49.26394414,2.468914115,Creil,TRAIN H
48.99031358,2.263285354,Ermont-Halte,TRAIN H
49.07046236,2.17530421,Auvers-sur-Oise,TRAIN H
49.03531131,2.210246521,Bessancourt,TRAIN H
49.03297205,2.33682969,Domont,TRAIN H
48.99600683,2.368684563,Sarcelles-Saint-Brice,TRAIN H
49.02496079,2.222322693,Taverny,TRAIN H
48.93445555,2.345604378,Saint-Denis,TRAIN H
49.09107345,2.201823484,Valmondois,TRAIN H
49.02177396,2.229376488,Vaucelles,TRAIN H
48.88092201,2.356328544,Gare du Nord,TRAIN H
49.02320638,2.362222981,Écouen-Ézanville,TRAIN H
48.97274912,2.307137032,Enghien-Les-Bains,TRAIN H
48.99371348,2.234276394,Franconville-Le Plessis-Bouchard,TRAIN H
48.99609884,2.259655619,Gros-Noyer-Saint-Prix,TRAIN H
49.05804781,2.191244759,Méry-sur-Oise,TRAIN H
49.14771951,2.277823191,Persan-Beaumont,TRAIN H
49.03398764,2.128263874,Saint-Ouen-l'Aumône-Liesse,TRAIN H
49.01531915,2.242838661,Saint-Leu-la-Forêt,TRAIN H
49.15512736,2.324827513,Bruyères-sur-Oise,TRAIN H
48.91424647,2.27159875,Bois-Colombes,TRAIN J
48.92391863,2.259345703,Colombes,TRAIN J
48.98024591,2.269132274,Ermont-Eaubonne,TRAIN J
48.97929225,1.783973408,Issou-Porcheville,TRAIN J
48.99259195,1.913530508,Les Mureaux,TRAIN J
49.03876204,1.581532102,Bonnières,TRAIN J
49.01768621,2.090181621,Éragny-Neuville,TRAIN J
49.28258724,1.818271146,Trie-Château,TRAIN J
48.94679694,2.257897484,Argenteuil,TRAIN J
48.92037937,2.185353376,Houilles-Carrières-sur-Seine,TRAIN J
48.98663884,2.059569496,Maurecourt,TRAIN J
49.00576254,1.90178198,Meulan-Hardricourt,TRAIN J
48.98417276,1.747786183,Limay,TRAIN J
49.12345185,1.94933268,Santeuil-le-Perchay,TRAIN J
48.93326541,2.04107229,Poissy,TRAIN J
49.06296968,2.057902989,Osny,TRAIN J
49.09153773,1.477856178,Vernon,TRAIN J
49.07584288,2.024952931,Boissy-l'Aillerie,TRAIN J
49.03896352,2.103461593,Saint-Ouen-l'Aumône - Quartier de l'Église,TRAIN J
48.97036693,2.027518776,Chanteloup-les-Vignes,TRAIN J
48.98297976,1.808907829,Gargenville,TRAIN J
48.99224128,1.845134444,Juziers,TRAIN J
49.08049371,2.003715373,Montgeroult-Courcelles,TRAIN J
49.00712725,1.96355177,Vaux-sur-Seine,TRAIN J
48.90598139,2.28319928,Asnières-sur-Seine,TRAIN J
49.22067083,1.905485305,Liancourt-Saint-Pierre,TRAIN J
49.20229111,1.920611086,Lavilletertre,TRAIN J
49.2611985,1.873097213,Chaumont-en-Vexin,TRAIN J
48.97988717,2.180342147,La Frette-Montigny,TRAIN J
48.96334411,1.809094509,Épône-Mézières,TRAIN J
48.99663009,2.097773988,Conflans-Sainte-Honorine,TRAIN J
48.99029,2.161906606,Herblay,TRAIN J
48.98365451,1.715210986,Mantes-Station,TRAIN J
48.99261388,1.955479248,Les Clairières de Verneuil,TRAIN J
48.997392,1.630167627,Rosny-sur-Seine,TRAIN J
49.00670028,1.919237112,Thun-le-Paradis,TRAIN J
48.97214168,1.848348808,Aubergenville-Élisabethville,TRAIN J
48.95065109,2.232534009,Val d'Argenteuil,TRAIN J
48.93948681,1.99960361,Villennes-sur-Seine,TRAIN J
48.87683695,2.324738047,Saint-Lazare,TRAIN J
48.9745961,2.04867306,Andrésy,TRAIN J
48.99195704,2.07539045,Conflans-Fin-d'Oise,TRAIN J
49.16267058,1.936928636,Chars,TRAIN J
48.98950251,1.703016134,Mantes-la-Jolie,TRAIN J
49.04664576,2.095195067,Pontoise,TRAIN J
48.97098803,2.263830527,Sannois,TRAIN J
48.98144597,1.983143352,Vernouillet-Verneuil,TRAIN J
48.98107191,2.005930893,Triel-sur-Seine,TRAIN J
49.09965012,1.970535722,Us,TRAIN J
48.9319035,2.260965474,Le Stade,TRAIN J
48.96866508,2.193092469,Cormeilles-en-Parisis,TRAIN J
49.2853894,1.784906878,Gisors,TRAIN J
48.9913914,2.665059869,Compans,TRAIN K
49.20087708,2.838108478,Ormoy-Villers,TRAIN K
49.00811402,2.680252456,Thieux-Nantouillet,TRAIN K
49.23101806,2.887366705,Crépy-en-Valois,TRAIN K
48.88092201,2.356328544,Gare du Nord,TRAIN K
48.93219601,2.495513143,Aulnay-sous-Bois,TRAIN K
48.97585875,2.642406302,Mitry-Claye,TRAIN K
49.03227911,2.699222254,Dammartin-Juilly-Saint-Mard,TRAIN K
49.1428842,2.79445455,Nanteuil-le-Haudouin,TRAIN K
49.09612081,2.744686207,Le Plessis-Belleville,TRAIN K
48.97066505,2.077731765,Achères-Ville,TRAIN L
49.04964701,2.034294462,Cergy-Saint-Christophe,TRAIN L
48.86121453,2.123191096,Louveciennes,TRAIN L
48.93773606,2.157086496,Sartrouville,TRAIN L
48.87171419,2.22102955,Suresnes-Mont-Valérien,TRAIN L
48.83664332,2.1526974,Vaucresson,TRAIN L
48.92037937,2.185353376,Houilles-Carrières-sur-Seine,TRAIN L
48.86736623,2.051282049,Saint-Nom-la-Bretèche - Forêt de Marly,TRAIN L
48.8542517,2.132132445,Bougival,TRAIN L
49.0478762,2.01099976,Cergy Le Haut,TRAIN L
48.81257172,2.18825986,Chaville Rive Droite,TRAIN L
48.87683695,2.324738047,Saint-Lazare,TRAIN L
49.01413368,2.078306591,Neuville Université,TRAIN L
48.80594061,2.15299307,Montreuil,TRAIN L
48.91363686,2.257326024,Les Vallées,TRAIN L
48.86806442,2.076719103,L'Étang-la-Ville,TRAIN L
48.85607084,2.216601443,Le Val d'Or,TRAIN L
48.90581841,2.283021086,Asnières-sur-Seine,TRAIN L
49.03646398,2.07953494,Cergy-Préfecture,TRAIN L
48.89763745,2.297419948,Clichy-Levallois,TRAIN L
48.94550297,2.145017438,Maisons-Laffitte,TRAIN L
48.90963293,2.239684117,La Garenne-Colombes,TRAIN L
48.82723878,2.200721258,Sèvres-Ville-d'Avray,TRAIN L
48.84610295,2.217621081,Saint-Cloud,TRAIN L
48.89218708,2.237018056,La Défense,TRAIN L
48.80948226,2.135087457,Versailles Rive Droite,TRAIN L
48.99033259,2.073955309,Conflans-Fin-d'Oise,TRAIN L
48.90131106,2.213302315,Nanterre-Université,TRAIN L
48.8715031,2.096548253,Marly-le-Roi,TRAIN L
48.90576266,2.269964779,Bécon-les-Bruyères,TRAIN L
48.88822016,2.313732452,Pont-Cardinet,TRAIN L
48.89862465,2.249196508,Courbevoie,TRAIN L
48.83828255,2.187110711,Garches-Marnes-la-Coquette,TRAIN L
48.84271995,2.138125059,La Celle-Saint-Cloud,TRAIN L
48.88338381,2.23369192,Puteaux,TRAIN L
48.80547779,2.167669032,Viroflay Rive Droite,TRAIN L
48.74348399,1.9210366,Coignières,TRAIN N
48.79602537,1.602701693,Houdan,TRAIN N
48.80260198,1.816466794,Montfort-L'Amaury-Méré,TRAIN N
48.69309659,1.856592065,Le Perray,TRAIN N
48.83191618,1.944401758,Plaisir-Grignon,TRAIN N
48.78739024,2.044621989,Saint-Quentin-en-Yvelines,TRAIN N
48.79513818,2.135156224,Versailles-Chantiers,TRAIN N
48.75518504,1.943049944,La Verrière,TRAIN N
48.93871924,1.84051703,Nézel-Aulnay,TRAIN N
48.82657843,1.703218425,Orgerus-Béhoust,TRAIN N
48.82942902,1.669010161,Tacoignières-Richebourg,TRAIN N
48.81838764,2.292061815,Vanves-Malakoff,TRAIN N
48.81488431,2.240919295,Meudon,TRAIN N
48.84118692,2.320509228,Montparnasse,TRAIN N
48.8189478,2.229808004,Bellevue,TRAIN N
48.85999873,1.87559559,Beynes,TRAIN N
48.64422195,1.83293547,Rambouillet,TRAIN N
48.81532862,1.877504204,Villiers-Neauphle Pontchartrain,TRAIN N
48.76835208,1.513637245,Marchezais - Broué,TRAIN N
48.96334411,1.809094509,Épône-Mézières,TRAIN N
48.81423945,2.274489672,Clamart,TRAIN N
48.80724661,2.040519205,Fontenay-le-Fleury,TRAIN N
48.81047523,1.764581487,Garancières-La Queue,TRAIN N
48.72191596,1.890004564,Les-Essarts-le-Roi,TRAIN N
48.98950251,1.703016134,Mantes-la-Jolie,TRAIN N
48.89298158,1.871845414,Mareil-sur-Mauldre,TRAIN N
48.9095532,1.856855517,Maule,TRAIN N
48.83095953,1.96002656,Plaisir-les-Clayes,TRAIN N
48.82121704,2.214859795,Sèvres Rive Gauche,TRAIN N
48.79870764,2.071847006,Saint-Cyr,TRAIN N
48.80071846,2.171389813,Viroflay Rive Gauche,TRAIN N
48.77480281,2.006566869,Trappes,TRAIN N
48.82365327,1.992864535,Villepreux-les-Clayes,TRAIN N
48.73117969,1.370466682,Dreux,TRAIN N
48.80519567,2.189278119,Chaville Rive Gauche,TRAIN N
48.87414408,2.583331158,Chelles-Gournay,TRAIN P
48.90307292,2.810248221,Esbly,TRAIN P
48.99841539,3.007953056,Isles-Armentières-Congis,TRAIN P
48.78949668,2.90738727,Mortcerf,TRAIN P
48.81379848,3.042938266,Mouroux,TRAIN P
48.96022649,2.950060383,Trilport,TRAIN P
48.86355614,2.882591323,Villiers-Montbarbin,TRAIN P
48.96876079,3.322797563,Nogent-l'Artaud-Charly,TRAIN P
48.88268105,2.854315926,Couilly-Saint-Germain-Quincy,TRAIN P
48.85955732,2.905736965,Crécy-la-Chapelle,TRAIN P
48.95081999,3.124909021,La Ferté-sous-Jouarre,TRAIN P
48.88218914,2.70601418,Lagny-Thorigny,TRAIN P
48.5554261,3.301796476,Provins,TRAIN P
49.03791492,3.409457095,Château-Thierry,TRAIN P
49.091883,3.062690407,Crouy-sur-Ourcq,TRAIN P
48.52914897,3.25536815,Sainte-Colombe-Septveilles,TRAIN P
48.87737562,2.359456617,Gare de l'Est,TRAIN P
48.8908568,2.826405497,Montry-Condé,TRAIN P
49.17961926,3.120692397,La Ferté-Milon,TRAIN P
48.80786914,3.081648526,Coulommiers,TRAIN P
48.54529627,3.286679528,Champbenoist-Poigny,TRAIN P
48.99188916,3.364379894,Chézy-sur-Marne,TRAIN P
48.95916406,3.026111294,Changis-Saint-Jean,TRAIN P
48.81077532,2.953730383,Guérard-la-Celle-sur-Morin,TRAIN P
48.7349393,2.86895583,Marles-en-Brie,TRAIN P
48.87520827,2.637590717,Vaires-Torcy,TRAIN P
48.95693143,2.8733648,Meaux,TRAIN P
48.80865396,2.993109893,Faremoutiers-Pommeuse,TRAIN P
49.02175727,3.031758446,Lizy-sur-Ourcq,TRAIN P
48.51375459,3.250034983,Longueville,TRAIN P
48.97402658,3.219302814,Nanteuil-Saâcy,TRAIN P
48.61401524,2.888252894,Mormant,TRAIN P
48.56194785,3.012012142,Nangis,TRAIN P
48.64437362,2.825169933,Verneuil-l'Etang,TRAIN P
48.73948721,2.758824549,Tournan,TRAIN P
49.13547414,3.075626563,Mareuil-sur-Ourcq,TRAIN P
48.33648178,2.738001619,Montigny-sur-Loing,TRAIN R
48.38268944,2.816578771,Saint-Mammès,TRAIN R
48.38677099,2.842037389,Vernou-sur-Seine,TRAIN R
48.14721804,2.762728389,Dordives,TRAIN R
48.44267433,2.760717507,Héricy,TRAIN R
48.4870764,2.695037315,Chartrettes,TRAIN R
48.18093686,2.736249843,Souppes-Château-Landon,TRAIN R
48.47552307,2.69203326,Bois-le-Roi,TRAIN R
48.09589244,2.772104812,Ferrières Fontenay,TRAIN R
48.22954994,2.703936053,Bagneaux-sur-Loing,TRAIN R
48.41637703,2.726661533,Fontainebleau Avon,TRAIN R
48.00660146,2.743192243,Montargis,TRAIN R
48.84476017,2.373593653,Gare de Lyon,TRAIN R
48.48737309,2.750483097,Fontaine-le-Port,TRAIN R
48.37864193,2.896381899,La Grande Paroisse,TRAIN R
48.37859777,2.799307429,Moret-Veneux-les-Sablons,TRAIN R
48.52724332,2.654990282,Melun,TRAIN R
48.3795261,2.942523413,Montereau,TRAIN R
48.51026518,2.678973983,Livry-sur-Seine,TRAIN R
48.39430844,2.764028189,Thomery,TRAIN R
48.26775811,2.68564709,Nemours-Saint-Pierre,TRAIN R
48.33268364,2.692480191,Bourron-Marlotte-Grez,TRAIN R
48.43050482,2.752998385,Vulaines-sur-Seine-Samoreau,TRAIN R
48.40728299,2.798922443,Champagne-sur-Seine,TRAIN R
48.78739024,2.044621989,Saint-Quentin-en-Yvelines,TRAIN U
48.87171419,2.22102955,Suresnes-Mont-Valérien,TRAIN U
48.82723878,2.200721258,Sèvres-Ville-d'Avray,TRAIN U
48.89218708,2.237018056,La Défense,TRAIN U
48.75518504,1.943049944,La Verrière,TRAIN U
48.88338381,2.23369192,Puteaux,TRAIN U
48.77480281,2.006566869,Trappes,TRAIN U
48.84610295,2.217621081,Saint-Cloud,TRAIN U
48.79870764,2.071847006,Saint-Cyr,TRAIN U
48.81257172,2.18825986,Chaville Rive Droite,TRAIN U
48.79513818,2.135156224,Versailles-Chantiers,TRAIN U
48.76477601,2.163947086,Jouy-en-Josas,TRAIN V
48.79513818,2.135156224,Versailles-Chantiers,TRAIN V
48.75102328,2.215860857,Bièvres,TRAIN V
48.75883616,2.193014615,Vauboyen,TRAIN V
48.77163431,2.146972742,Petit-Jouy-les-Loges,TRAIN V
48.7408533,2.230839931,Igny,TRAIN V
48.72599709,2.258322994,Massy-Palaiseau,TRAIN V
48.89591584,2.46033007,Noisy-le-Sec,TRAM 1
48.90670063,2.460523404,Auguste Delaune,TRAM 1
48.92725061,2.274336132,Asnières Quatre Routes,TRAM 1
48.9375099,2.350400019,Théâtre Gérard Philipe,TRAM 1
48.93499416,2.326951044,La Noue,TRAM 1
48.93615563,2.346470902,Saint-Denis,TRAM 1
48.93021421,2.283722557,Les Courtilles,TRAM 1
48.93173483,2.37822549,Cosmonautes,TRAM 1
48.92271119,2.406622752,Danton,TRAM 1
48.93560571,2.334332915,Mairie de Villeneuve-la-Garenne,TRAM 1
48.931814,2.288656005,Le Luth,TRAM 1
48.91778373,2.417691093,Drancy-Avenir,TRAM 1
48.90653656,2.443992335,Hôtel de Ville de Bobigny,TRAM 1
48.9047032,2.469971545,Pont de Bondy,TRAM 1
48.93335538,2.294602989,Le Village,TRAM 1
48.93638915,2.363640702,Cimetière de Saint-Denis,TRAM 1
48.91270498,2.435420993,Escadrille Normandie-Niémen,TRAM 1
48.92740289,2.392471119,Hôtel de Ville de La Courneuve,TRAM 1
48.91917903,2.413837181,Maurice Lachâtre,TRAM 1
48.93344984,2.307089654,Gennevilliers,TRAM 1
48.92078597,2.410598616,La Courneuve 8 Mai 1945,TRAM 1
48.93859448,2.355845267,Marché de Saint-Denis,TRAM 1
48.90693183,2.438624497,Libération,TRAM 1
48.93279021,2.301291291,Timbaud,TRAM 1
48.91583789,2.425009894,Hôpital Avicenne,TRAM 1
48.92997103,2.38475886,Six Routes,TRAM 1
48.93576727,2.339571145,L'Ile-Saint-Denis,TRAM 1
48.90653601,2.450006166,Bobigny Pablo Picasso,TRAM 1
48.91409326,2.431278002,Gaston Roulaud,TRAM 1
48.9335864,2.371083172,Hôpital Delafontaine,TRAM 1
48.90781432,2.454357579,Jean Rostand,TRAM 1
48.90966637,2.437487802,La Ferme,TRAM 1
48.92437514,2.402073413,Stade Géo André,TRAM 1
48.93460857,2.321495198,Chemin des Reniers,TRAM 1
48.93394363,2.313257073,Parc des Chanteraines,TRAM 1
48.9333906,2.300626211,Timbaud,TRAM 1
48.9004173,2.465460481,Petit Noisy,TRAM 1
48.93805733,2.360792492,Basilique de Saint-Denis,TRAM 1
48.78259287,2.253128059,Le Hameau,TRAM 10
48.76638343,2.254887764,Vallée aux Loups,TRAM 10
48.76472018,2.265884867,Les Peintres,TRAM 10
48.77669474,2.250026069,Noveos,TRAM 10
48.76272627,2.280697845,Petit-Châtenay,TRAM 10
48.76379365,2.272752403,Théâtre La Piscine,TRAM 10
48.76932379,2.249652963,Malabry,TRAM 10
48.76556476,2.259576115,Cité-Jardin,TRAM 10
48.76142385,2.290444728,LaVallée,TRAM 10
48.7872109,2.253169145,Hôpital Béclère,TRAM 10
48.77983639,2.251893157,Parc des Sports,TRAM 10
48.76297047,2.304751901,La Croix de Berny,TRAM 10
48.79007389,2.252720457,Jardin Parisien,TRAM 10
48.95456256,2.302305082,Épinay-sur-Seine,TRAM 11
48.95900166,2.328351883,Épinay Villetaneuse,TRAM 11
48.93028786,2.423385107,Le Bourget,TRAM 11
48.96000579,2.342368597,Villetaneuse - Université,TRAM 11
48.96013454,2.367256583,Pierrefitte Stains,TRAM 11
48.94393433,2.411121755,Dugny - La Courneuve,TRAM 11
48.95473075,2.39179514,Stains La Cerisaie,TRAM 11
48.65212869,2.383402377,Ferme Neuve,TRAM 12
48.63395897,2.395341508,Bois de Saint-Eutrope,TRAM 12
48.62508421,2.407576768,Traité de Rome,TRAM 12
48.66531992,2.362618264,Coteaux de l'Orge,TRAM 12
48.70854822,2.280123756,Champlan,TRAM 12
48.68571363,2.317626404,Gravigny-Balizy,TRAM 12
48.67063927,2.335359426,Épinay-sur-Orge,TRAM 12
48.62213379,2.415448101,Bois Briard,TRAM 12
48.72343304,2.272637936,Massy Europe,TRAM 12
48.70223939,2.294557749,Longjumeau,TRAM 12
48.65901888,2.373850621,Amédée Gordini,TRAM 12
48.62468183,2.42759478,Évry - Courcouronnes,TRAM 12
48.72472914,2.257515005,Massy-Palaiseau,TRAM 12
48.7006808,2.307841187,Chilly-Mazarin,TRAM 12
48.67638133,2.333249459,Petit-Vaux,TRAM 12
48.66789285,2.354738574,Parc du Château,TRAM 12
48.79900981,2.074746577,Saint-Cyr,TRAM 13
48.87215411,2.068709986,L'Etang - Les Sablons,TRAM 13
48.84130815,2.061451985,Noisy-le-Roi,TRAM 13
48.90171349,2.095213744,Saint-Germain-en-Laye,TRAM 13
48.81564573,2.078833469,Allée Royale,TRAM 13
48.86795014,2.05082595,Saint-Nom La Bretèche - Forêt de Marly,TRAM 13
48.80661698,2.077227625,Les Portes de Saint-Cyr,TRAM 13
48.83705261,2.074443575,Bailly,TRAM 13
48.91391885,2.081675938,Camp des Loges,TRAM 13
48.88099144,2.079177395,Mareil-Marly,TRAM 13
48.89473715,2.069974307,Fourqueux - Bel Air,TRAM 13
48.90320462,2.072971457,Lisière Pereire,TRAM 13
48.82989016,2.263178566,Issy-Val-de-Seine,TRAM 2
48.82230993,2.23132316,Brimborion,TRAM 2
48.82470769,2.260481576,Jacques-Henri Lartigue,TRAM 2
48.82151752,2.251336155,Les Moulineaux,TRAM 2
48.83475001,2.271241501,Henri Farman,TRAM 2
48.8290105,2.225312853,Musée de Sèvres,TRAM 2
48.90276803,2.239542035,Les Fauvelles,TRAM 2
48.88333488,2.233871434,Puteaux,TRAM 2
48.81917433,2.238598338,Meudon-sur-Seine,TRAM 2
48.84985049,2.221232683,Les Milons,TRAM 2
48.92326826,2.217589799,Pont de Bezons,TRAM 2
48.86823878,2.221410603,Suresnes-Longchamp,TRAM 2
48.8966644,2.240079252,Faubourg de l'Arche,TRAM 2
48.91751491,2.224812189,Parc Pierre Lagravère,TRAM 2
48.83331427,2.276854976,Suzanne Lenglen,TRAM 2
48.83187247,2.287207138,Porte de Versailles,TRAM 2
48.87600129,2.225959095,Belvédère,TRAM 2
48.85747141,2.22060356,Les Coteaux,TRAM 2
48.8431244,2.221851495,Parc de Saint-Cloud,TRAM 2
48.91080259,2.233988601,Jacqueline Auriol,TRAM 2
48.89212336,2.237213536,La Défense,TRAM 2
48.90766458,2.238309302,Charlebourg,TRAM 2
48.91404768,2.229571613,Victor Basch,TRAM 2
48.83169659,2.281470444,Porte d'Issy,TRAM 2
48.83807589,2.271174403,Pont du Garigliano,TRAM 3a
48.83612298,2.278119178,Balard,TRAM 3a
48.81976127,2.364015462,Porte de Choisy,TRAM 3a
48.81905151,2.360129742,Porte d'Italie,TRAM 3a
48.83435817,2.284007243,Desnouettes,TRAM 3a
48.82557023,2.381165588,Avenue de France,TRAM 3a
48.84370074,2.410109556,Alexandra David-Néel,TRAM 3a
48.82035003,2.33858075,Cité Universitaire,TRAM 3a
48.82315163,2.325509578,Porte d'Orléans,TRAM 3a
48.82868555,2.300801952,Brancion,TRAM 3a
48.82087336,2.350932878,Poterne des Peupliers,TRAM 3a
48.83199309,2.398350104,Porte de Charenton,TRAM 3a
48.83267687,2.288069458,Porte de Versailles,TRAM 3a
48.83552221,2.406657147,Porte Dorée,TRAM 3a
48.82982638,2.295661983,Georges Brassens,TRAM 3a
48.82592055,2.313380087,Didot,TRAM 3a
48.83038859,2.393449698,Baron Le Roy,TRAM 3a
48.82741486,2.306635927,Porte de Vanves,TRAM 3a
48.84694815,2.40955143,Porte de Vincennes,TRAM 3a
48.82182956,2.370053604,Porte d'Ivry,TRAM 3a
48.82150892,2.333339833,Montsouris,TRAM 3a
48.82471102,2.318829693,Jean Moulin,TRAM 3a
48.81950051,2.345803581,Stade Charléty,TRAM 3a
48.83986483,2.408874539,Montempoivre,TRAM 3a
48.8243549,2.377661531,Maryse Bastié,TRAM 3a
48.87663081,2.406999583,Porte des Lilas,TRAM 3b
48.89388028,2.397738851,Delphine Seyrig,TRAM 3b
48.8984911,2.363651382,Colette Besson,TRAM 3b
48.89462433,2.314233846,Porte de Clichy,TRAM 3b
48.89630847,2.318804401,Honoré de Balzac,TRAM 3b
48.87793814,2.283913994,Porte Maillot,TRAM 3b
48.88342329,2.288033115,Thérèse Pierre,TRAM 3b
48.88597055,2.29213548,Porte de Champerret​,TRAM 3b
48.86752136,2.40897894,Séverine,TRAM 3b
48.89873399,2.380537035,Canal Saint-Denis,TRAM 3b
48.87018042,2.274627543,Porte Dauphine,TRAM 3b
48.88115461,2.285505622,Anny Flore,TRAM 3b
48.89755281,2.373383796,Rosa Parks,TRAM 3b
48.86343374,2.408832465,Porte de Bagnolet,TRAM 3b
48.85298728,2.410741136,Porte de Montreuil,TRAM 3b
48.89804145,2.34507845,Porte de Clignancourt,TRAM 3b
48.89839213,2.358375469,Porte de la Chapelle,TRAM 3b
48.89860117,2.369036949,Porte d'Aubervilliers,TRAM 3b
48.87209703,2.408620055,Adrienne Bolland,TRAM 3b
48.89783033,2.338230427,Angélique Compoint,TRAM 3b
48.89754933,2.324905585,Épinettes - Pouchet,TRAM 3b
48.84739389,2.409656056,Porte de Vincennes,TRAM 3b
48.89767182,2.329830334,Porte de Saint-Ouen,TRAM 3b
48.87456815,2.278256505,Anna de Noailles​,TRAM 3b
48.89742874,2.386581433,Porte de la Villette,TRAM 3b
48.85870401,2.409685686,Marie de Miribel,TRAM 3b
48.8794555,2.401233645,Hôpital Robert Debré,TRAM 3b
48.88501679,2.396751289,Butte du Chapeau Rouge,TRAM 3b
48.89742996,2.394968407,Ella Fitzgerald,TRAM 3b
48.8983291,2.351712072,Diane Arbus,TRAM 3b
48.88973995,2.30327605,Porte d'Asnières,TRAM 3b
48.88900765,2.395681075,Porte de Pantin,TRAM 3b
48.88737589,2.296965185,Square Sainte-Odile,TRAM 3b
48.89309463,2.487910986,La Remise à Jorelle,TRAM 4
48.9026781,2.511939934,Les Pavillons-sous-Bois,TRAM 4
48.90473884,2.547921374,Romain Rolland,TRAM 4
48.90095554,2.570841555,Hôpital de Montfermeil,TRAM 4
48.93100567,2.514884566,Rougemont-Chanteloup,TRAM 4
48.90852702,2.532287442,Léon Blum,TRAM 4
48.89792357,2.561714304,Arboretum,TRAM 4
48.89380586,2.482032922,Bondy,TRAM 4
48.9218047,2.516333391,L'Abbaye,TRAM 4
48.90786848,2.546380399,Clichy-sous-Bois Mairie,TRAM 4
48.93195909,2.497116515,Aulnay-sous-Bois,TRAM 4
48.90727259,2.516509893,Gargan,TRAM 4
48.92650394,2.519119485,Freinville-Sevran,TRAM 4
48.89259978,2.499757185,Les Coquetiers,TRAM 4
48.9160965,2.515061446,Lycée Henri Sellier,TRAM 4
48.90662833,2.524048526,République Marx Dormoy,TRAM 4
48.90841689,2.539173331,Maurice Audin,TRAM 4
48.89714382,2.506408247,Allée de la Tour Rendez-Vous,TRAM 4
48.90457307,2.555014267,Clichy - Montfermeil,TRAM 4
48.90091968,2.556069027,Notre-Dame-des-Anges,TRAM 4
48.97927613,2.380204254,Paul Valéry,TRAM 5
48.95557635,2.358322856,Joncherolles,TRAM 5
48.94481893,2.357006356,Roger Sémat,TRAM 5
48.97666569,2.377419675,Les Flanades,TRAM 5
48.9708834,2.366003889,Jacques Prévert,TRAM 5
48.97852462,2.385049192,Lochères,TRAM 5
48.95268019,2.357983075,Petit Pierrefitte,TRAM 5
48.97716072,2.390674881,Garges-Sarcelles,TRAM 5
48.97359938,2.366066976,Butte Pinson,TRAM 5
48.96350235,2.360213792,Mairie de Pierrefitte,TRAM 5
48.94212546,2.356729742,Baudelaire,TRAM 5
48.93894788,2.356334439,Marché de Saint-Denis,TRAM 5
48.96562486,2.363302265,Alcide d'Orbigny,TRAM 5
48.97749309,2.372242924,Les Cholettes,TRAM 5
48.9591211,2.358742504,Suzanne Valadon,TRAM 5
48.94820813,2.357461526,Guynemer,TRAM 5
48.78669994,2.254462762,Hôpital Béclère,TRAM 6
48.78008715,2.196505812,Louvois,TRAM 6
48.78073097,2.239832018,Pavé Blanc,TRAM 6
48.79988738,2.28195132,Parc André Malraux,TRAM 6
48.80107761,2.170967401,Viroflay Rive Gauche,TRAM 6
48.80570415,2.169070049,Viroflay Rive Droite,TRAM 6
48.81060109,2.300357474,Châtillon-Montrouge,TRAM 6
48.78512141,2.17879859,Robert Wagner,TRAM 6
48.78140432,2.209129227,Inovel Parc Nord,TRAM 6
48.78045471,2.191409919,Mairie de Vélizy,TRAM 6
48.78496976,2.220009517,Vélizy 2,TRAM 6
48.80420494,2.289057254,Centre de Châtillon,TRAM 6
48.78368722,2.246977649,Mail de la Plaine,TRAM 6
48.78490217,2.237132705,Georges Pompidou,TRAM 6
48.78198667,2.180493751,L’Onde,TRAM 6
48.80716985,2.294091244,Vauban,TRAM 6
48.79446888,2.272650345,Division Leclerc,TRAM 6
48.790333,2.263389166,Soleil Levant,TRAM 6
48.78353933,2.225280295,Meudon-la-Forêt,TRAM 6
48.78350098,2.230983559,Georges Millandy,TRAM 6
48.78362462,2.214433502,Dewoitine,TRAM 6
48.71451273,2.371747143,Porte de l'Essonne,TRAM 7
48.75281136,2.361952153,Place de la Logistique,TRAM 7
48.76818988,2.368043001,Bretagne,TRAM 7
48.75267435,2.355360989,Porte de Rungis,TRAM 7
48.75021319,2.354391807,Saarinen,TRAM 7
48.74656859,2.352875341,Robert Schuman,TRAM 7
48.75670103,2.368367466,La Belle Épine,TRAM 7
48.74168449,2.352795381,La Fraternelle,TRAM 7
48.78728035,2.366988445,Villejuif-Louis Aragon,TRAM 7
48.77893639,2.367405864,Domaine Chérioux,TRAM 7
48.77207422,2.367815002,Moulin Vert,TRAM 7
48.75957354,2.366398,Porte de Thiais,TRAM 7
48.73860387,2.369907789,Caroline Aigle,TRAM 7
48.73369935,2.371412538,Coeur d'Orly,TRAM 7
48.73998743,2.359467821,Hélène Boucher,TRAM 7
48.76337515,2.367790536,Auguste Perret,TRAM 7
48.72955072,2.368264129,Aéroport d'Orly,TRAM 7
48.78310755,2.367157833,Lamartine,TRAM 7
48.95550448,2.295591695,Épinay-Orgemont,TRAM 8
48.93205182,2.352701984,Pierre De Geyter,TRAM 8
48.94993774,2.328832171,Les Mobiles,TRAM 8
48.94555554,2.347312925,Delaunay-Belleville,TRAM 8
48.95931814,2.342053801,Villetaneuse-Université,TRAM 8
48.93968871,2.345207506,Paul Éluard,TRAM 8
48.93526615,2.347862408,Saint-Denis,TRAM 8
48.94780765,2.339180923,Blumenthal,TRAM 8
48.95543743,2.307872568,Gilbert Bonnemaison,TRAM 8
48.94958135,2.342521826,César,TRAM 8
48.95316825,2.315403612,Rose Bertin,TRAM 8
48.95582939,2.30199102,Épinay-sur-Seine,TRAM 8
48.92981643,2.357292071,Saint-Denis - Porte de Paris,TRAM 8
48.95587687,2.311526309,Lacépède,TRAM 8
48.95272633,2.34346128,Jean Vilar,TRAM 8
48.95159838,2.320755448,Les Béatus,TRAM 8
48.95667185,2.343109236,Pablo Neruda,TRAM 8
48.75210595,2.416948756,Christophe Colomb,TRAM 9
48.81556896,2.368339635,Châteaudun - Barbès,TRAM 9
48.75454544,2.411900231,Four-Peary,TRAM 9
48.7786697,2.396357903,Watteau - Rondenay,TRAM 9
48.76844236,2.402860322,Verdun Hoche,TRAM 9
48.75920003,2.408875606,Carle-Darthe,TRAM 9
48.81262938,2.370661249,Cimetière Parisien d'Ivry,TRAM 9
48.77298814,2.399359619,Trois communes,TRAM 9
48.76391487,2.405808944,Rouget de Lisle,TRAM 9
48.80721433,2.374911599,La Briqueterie,TRAM 9
48.79289157,2.386206655,Musée MAC VAL,TRAM 9
48.79042859,2.38823514,Mairie de Vitry,TRAM 9
48.78567214,2.391991455,Camille Groult,TRAM 9
48.78300539,2.39383827,Constant Coquelin,TRAM 9
48.74499564,2.408318295,Orly - Gaston Viens,TRAM 9
48.80334775,2.377791231,Germaine Tailleferre,TRAM 9
48.81945369,2.365190933,Porte de Choisy,TRAM 9
48.79882265,2.381510972,Beethoven - Concorde,TRAM 9
48.7469424,2.416320895,Les Saules,TRAM 9